{"cameraMode":{"drawMode":0,"name":"Shaded","section":"Shading Mode"},"sceneLighting":true,"audioPlay":false,"sceneViewState":{"showFog":true,"showMaterialUpdate":false,"showSkybox":true,"showFlares":true,"showImageEffects":true,"showParticleSystems":true},"in2DMode":false,"pivot":{"x":5.033859729766846,"y":-0.5344619750976563,"z":0.6564554572105408},"rotation":{"x":-0.08270777761936188,"y":0.7078295350074768,"z":-0.6964709162712097,"w":-0.08405669778585434},"size":35.87700271606445,"orthographic":false}