{"cameraMode":{"drawMode":0,"name":"Shaded","section":"Shading Mode"},"sceneLighting":true,"audioPlay":false,"sceneViewState":{"showFog":true,"showMaterialUpdate":false,"showSkybox":true,"showFlares":true,"showImageEffects":true,"showParticleSystems":true},"in2DMode":false,"pivot":{"x":6.42215633392334,"y":-9.229122161865235,"z":-1.3618073463439942},"rotation":{"x":-0.18266530334949494,"y":0.7524858117103577,"z":-0.5880089998245239,"w":-0.23376020789146424},"size":43.77485656738281,"orthographic":false}