{"cameraMode":{"drawMode":0,"name":"Shaded","section":"Shading Mode"},"sceneLighting":false,"audioPlay":false,"sceneViewState":{"showFog":false,"showMaterialUpdate":false,"showSkybox":false,"showFlares":false,"showImageEffects":false,"showParticleSystems":false},"in2DMode":false,"pivot":{"x":0.3615074157714844,"y":-0.6476297378540039,"z":-0.6191909313201904},"rotation":{"x":-0.34105029702186587,"y":-0.5788156390190125,"z":0.28954648971557619,"w":-0.6818652153015137},"size":17.26447105407715,"orthographic":false}