{"cameraMode":{"drawMode":0,"name":"Shaded","section":"Shading Mode"},"sceneLighting":false,"audioPlay":false,"sceneViewState":{"showFog":false,"showMaterialUpdate":false,"showSkybox":false,"showFlares":false,"showImageEffects":false,"showParticleSystems":false},"in2DMode":false,"pivot":{"x":0.26179397106170657,"y":-0.42595577239990237,"z":-2.20809006690979},"rotation":{"x":-0.2074478417634964,"y":0.4937344789505005,"z":-0.12252317368984223,"w":-0.835642397403717},"size":11.783357620239258,"orthographic":false}