{"cameraMode":{"drawMode":0,"name":"Shaded","section":"Shading Mode"},"sceneLighting":true,"audioPlay":false,"sceneViewState":{"showFog":false,"showMaterialUpdate":false,"showSkybox":false,"showFlares":false,"showImageEffects":false,"showParticleSystems":false},"in2DMode":false,"pivot":{"x":-8.614326477050782,"y":-0.49156951904296877,"z":7.666299819946289},"rotation":{"x":0.3345567286014557,"y":0.4127928614616394,"z":-0.16616661846637727,"w":0.8307642340660095},"size":72.28592681884766,"orthographic":false}