{"cameraMode":{"drawMode":0,"name":"Shaded","section":"Shading Mode"},"sceneLighting":true,"audioPlay":false,"sceneViewState":{"showFog":false,"showMaterialUpdate":false,"showSkybox":false,"showFlares":false,"showImageEffects":false,"showParticleSystems":false},"in2DMode":false,"pivot":{"x":8.592315673828125,"y":-6.079334259033203,"z":-2.7137651443481447},"rotation":{"x":-0.3792314827442169,"y":-0.4457760155200958,"z":0.2163316309452057,"w":-0.7814577221870422},"size":43.815528869628909,"orthographic":false}