{"cameraMode":{"drawMode":0,"name":"Shaded","section":"Shading Mode"},"sceneLighting":true,"audioPlay":false,"sceneViewState":{"showFog":false,"showMaterialUpdate":false,"showSkybox":false,"showFlares":false,"showImageEffects":false,"showParticleSystems":false},"in2DMode":false,"pivot":{"x":10.0,"y":3.8000001907348635,"z":0.9999998807907105},"rotation":{"x":0.45036301016807558,"y":0.09106076508760452,"z":-0.0462631955742836,"w":0.8870226740837097},"size":33.691810607910159,"orthographic":false}