{"cameraMode":{"drawMode":0,"name":"Shaded","section":"Shading Mode"},"sceneLighting":true,"audioPlay":false,"sceneViewState":{"showFog":false,"showMaterialUpdate":false,"showSkybox":false,"showFlares":false,"showImageEffects":false,"showParticleSystems":false},"in2DMode":false,"pivot":{"x":-2.7987256050109865,"y":3.897754669189453,"z":-3.312908172607422},"rotation":{"x":0.5133703947067261,"y":0.1557837724685669,"z":-0.09529495239257813,"w":0.8386024832725525},"size":19.13336753845215,"orthographic":false}