{"cameraMode":{"drawMode":0,"name":"Shaded","section":"Shading Mode"},"sceneLighting":true,"audioPlay":false,"sceneViewState":{"showFog":false,"showMaterialUpdate":false,"showSkybox":false,"showFlares":false,"showImageEffects":false,"showParticleSystems":false},"in2DMode":false,"pivot":{"x":14.572591781616211,"y":-1.303060531616211,"z":1.7247934341430665},"rotation":{"x":-0.697031557559967,"y":-0.008175290189683438,"z":0.00794876366853714,"w":-0.7169535160064697},"size":19.46312713623047,"orthographic":false}