{"cameraMode":{"drawMode":0,"name":"Shaded","section":"Shading Mode"},"sceneLighting":true,"audioPlay":false,"sceneViewState":{"showFog":false,"showMaterialUpdate":false,"showSkybox":false,"showFlares":false,"showImageEffects":false,"showParticleSystems":false},"in2DMode":false,"pivot":{"x":-2.4140336513519289,"y":0.7867498397827148,"z":-6.7483625411987309},"rotation":{"x":-0.23361453413963319,"y":-0.3270721435546875,"z":0.08379851281642914,"w":-0.9118315577507019},"size":21.547225952148439,"orthographic":false}