{"cameraMode":{"drawMode":0,"name":"Shaded","section":"Shading Mode"},"sceneLighting":true,"audioPlay":false,"sceneViewState":{"showFog":false,"showMaterialUpdate":false,"showSkybox":false,"showFlares":false,"showImageEffects":false,"showParticleSystems":false},"in2DMode":false,"pivot":{"x":10.006519317626954,"y":0.05464673042297363,"z":1.1632062196731568},"rotation":{"x":-0.1273033171892166,"y":0.8579657077789307,"z":-0.25584959983825686,"w":-0.4268946945667267},"size":6.583906650543213,"orthographic":false}