{"cameraMode":{"drawMode":0,"name":"Shaded","section":"Shading Mode"},"sceneLighting":true,"audioPlay":false,"sceneViewState":{"showFog":false,"showMaterialUpdate":false,"showSkybox":false,"showFlares":false,"showImageEffects":false,"showParticleSystems":false},"in2DMode":false,"pivot":{"x":1.8346881866455079,"y":3.6637039184570314,"z":12.697602272033692},"rotation":{"x":-0.6152452230453491,"y":-0.11194547265768051,"z":0.08883878588676453,"w":-0.7752854824066162},"size":7.404940605163574,"orthographic":false}