{"cameraMode":{"drawMode":0,"name":"Shaded","section":"Shading Mode"},"sceneLighting":false,"audioPlay":false,"sceneViewState":{"showFog":true,"showMaterialUpdate":false,"showSkybox":false,"showFlares":true,"showImageEffects":true,"showParticleSystems":true},"in2DMode":false,"pivot":{"x":-3.996171712875366,"y":6.766777038574219,"z":1.8065489530563355},"rotation":{"x":0.47535839676856997,"y":0.5119879245758057,"z":-0.4202430844306946,"w":0.579120934009552},"size":19.41148567199707,"orthographic":false}