{"cameraMode":{"drawMode":0,"name":"Shaded","section":"Shading Mode"},"sceneLighting":false,"audioPlay":false,"sceneViewState":{"showFog":false,"showMaterialUpdate":false,"showSkybox":false,"showFlares":false,"showImageEffects":false,"showParticleSystems":false},"in2DMode":false,"pivot":{"x":1.0497896671295167,"y":0.18376731872558595,"z":-0.6080169677734375},"rotation":{"x":0.29541653394699099,"y":0.3553816080093384,"z":-0.11947011202573776,"w":0.8787420392036438},"size":11.570337295532227,"orthographic":false}