{"cameraMode":{"drawMode":0,"name":"Shaded","section":"Shading Mode"},"sceneLighting":true,"audioPlay":false,"sceneViewState":{"showFog":false,"showMaterialUpdate":false,"showSkybox":false,"showFlares":false,"showImageEffects":false,"showParticleSystems":false},"in2DMode":false,"pivot":{"x":5.015292167663574,"y":26.960458755493165,"z":1.9896559715270997},"rotation":{"x":0.6917020082473755,"y":0.004795129410922527,"z":-0.004577968269586563,"w":0.722228467464447},"size":22.0,"orthographic":false}