{"cameraMode":{"drawMode":0,"name":"Shaded","section":"Shading Mode"},"sceneLighting":false,"audioPlay":false,"sceneViewState":{"showFog":false,"showMaterialUpdate":false,"showSkybox":false,"showFlares":false,"showImageEffects":false,"showParticleSystems":false},"in2DMode":false,"pivot":{"x":-0.11075067520141602,"y":-0.1254739761352539,"z":-17.43727684020996},"rotation":{"x":0.39184388518333437,"y":-0.25482773780822756,"z":0.11390505731105805,"w":0.8767211437225342},"size":11.914932250976563,"orthographic":false}