{"cameraMode":{"drawMode":0,"name":"Shaded","section":"Shading Mode"},"sceneLighting":true,"audioPlay":false,"sceneViewState":{"showFog":false,"showMaterialUpdate":false,"showSkybox":false,"showFlares":false,"showImageEffects":false,"showParticleSystems":false},"in2DMode":false,"pivot":{"x":12.108068466186524,"y":-0.6650333404541016,"z":4.8455424308776859},"rotation":{"x":-0.3792314827442169,"y":-0.4457760155200958,"z":0.2163316309452057,"w":-0.7814577221870422},"size":35.22513961791992,"orthographic":false}