{"cameraMode":{"drawMode":0,"name":"Shaded","section":"Shading Mode"},"sceneLighting":true,"audioPlay":false,"sceneViewState":{"showFog":false,"showMaterialUpdate":false,"showSkybox":false,"showFlares":false,"showImageEffects":false,"showParticleSystems":false},"in2DMode":false,"pivot":{"x":15.595718383789063,"y":2.1228559017181398,"z":3.1698861122131349},"rotation":{"x":-0.16003777086734773,"y":-0.5366112589836121,"z":0.10448644310235977,"w":-0.8219046592712402},"size":5.480905055999756,"orthographic":false}