{"cameraMode":{"drawMode":0,"name":"Shaded","section":"Shading Mode"},"sceneLighting":true,"audioPlay":false,"sceneViewState":{"showFog":false,"showMaterialUpdate":false,"showSkybox":false,"showFlares":false,"showImageEffects":false,"showParticleSystems":false},"in2DMode":false,"pivot":{"x":3.0171382427215578,"y":6.011266708374023,"z":-5.46830940246582},"rotation":{"x":0.36908218264579775,"y":0.03683697432279587,"z":-0.014585470780730248,"w":0.9286063313484192},"size":41.075111389160159,"orthographic":false}