{"cameraMode":{"drawMode":0,"name":"Shaded","section":"Shading Mode"},"sceneLighting":false,"audioPlay":false,"sceneViewState":{"showFog":false,"showMaterialUpdate":false,"showSkybox":false,"showFlares":false,"showImageEffects":false,"showParticleSystems":false},"in2DMode":false,"pivot":{"x":0.2442014217376709,"y":-10.650731086730957,"z":2.0347740650177},"rotation":{"x":-0.3891466557979584,"y":-0.6050019264221191,"z":0.5423458218574524,"w":-0.4341947138309479},"size":24.78759002685547,"orthographic":false}