{"cameraMode":{"drawMode":0,"name":"Shaded","section":"Shading Mode"},"sceneLighting":false,"audioPlay":false,"sceneViewState":{"showFog":false,"showMaterialUpdate":false,"showSkybox":false,"showFlares":false,"showImageEffects":false,"showParticleSystems":false},"in2DMode":false,"pivot":{"x":-2.746450901031494,"y":1.3204307556152344,"z":1.3336142301559449},"rotation":{"x":-0.4163115620613098,"y":-0.5821051001548767,"z":0.46482864022254946,"w":-0.521435022354126},"size":15.34499740600586,"orthographic":false}