{"cameraMode":{"drawMode":0,"name":"Shaded","section":"Shading Mode"},"sceneLighting":false,"audioPlay":false,"sceneViewState":{"showFog":false,"showMaterialUpdate":false,"showSkybox":false,"showFlares":false,"showImageEffects":false,"showParticleSystems":false},"in2DMode":false,"pivot":{"x":-1.5642080307006837,"y":0.562474250793457,"z":2.3541746139526369},"rotation":{"x":-0.13115885853767396,"y":0.8570762872695923,"z":-0.4206908345222473,"w":-0.26712414622306826},"size":11.783357620239258,"orthographic":false}