{"cameraMode":{"drawMode":0,"name":"Shaded","section":"Shading Mode"},"sceneLighting":true,"audioPlay":false,"sceneViewState":{"showFog":true,"showMaterialUpdate":false,"showSkybox":true,"showFlares":true,"showImageEffects":true,"showParticleSystems":true},"in2DMode":false,"pivot":{"x":-1.0128259658813477,"y":-1.86216139793396,"z":-4.849465370178223},"rotation":{"x":0.040055662393569949,"y":0.19012393057346345,"z":-0.0077544511295855049,"w":0.9809561371803284},"size":21.942548751831056,"orthographic":false}