{"cameraMode":{"drawMode":0,"name":"Shaded","section":"Shading Mode"},"sceneLighting":true,"audioPlay":false,"sceneViewState":{"showFog":false,"showMaterialUpdate":false,"showSkybox":false,"showFlares":false,"showImageEffects":false,"showParticleSystems":false},"in2DMode":false,"pivot":{"x":5.05318546295166,"y":0.08476459980010987,"z":-13.970300674438477},"rotation":{"x":-0.33274537324905398,"y":-0.30934059619903567,"z":0.11654587835073471,"w":-0.8831850290298462},"size":2.984797716140747,"orthographic":false}