{"cameraMode":{"drawMode":0,"name":"Shaded","section":"Shading Mode"},"sceneLighting":true,"audioPlay":false,"sceneViewState":{"showFog":false,"showMaterialUpdate":false,"showSkybox":false,"showFlares":false,"showImageEffects":false,"showParticleSystems":false},"in2DMode":false,"pivot":{"x":0.48615968227386477,"y":7.310327053070068,"z":0.17030631005764008},"rotation":{"x":0.6970551013946533,"y":0.00667739100754261,"z":-0.0064885192550718788,"w":0.7169764637947083},"size":15.348348617553711,"orthographic":false}