{"cameraMode":{"drawMode":0,"name":"Shaded","section":"Shading Mode"},"sceneLighting":true,"audioPlay":false,"sceneViewState":{"showFog":false,"showMaterialUpdate":false,"showSkybox":false,"showFlares":false,"showImageEffects":false,"showParticleSystems":false},"in2DMode":false,"pivot":{"x":1.4645938873291016,"y":-1.558974266052246,"z":0.08539676666259766},"rotation":{"x":-0.6550149321556091,"y":-0.012014498934149742,"z":0.010417771525681019,"w":-0.7554520964622498},"size":16.587852478027345,"orthographic":false}