{"cameraMode":{"drawMode":0,"name":"Shaded","section":"Shading Mode"},"sceneLighting":true,"audioPlay":false,"sceneViewState":{"showFog":false,"showMaterialUpdate":false,"showSkybox":false,"showFlares":false,"showImageEffects":false,"showParticleSystems":false},"in2DMode":false,"pivot":{"x":-5.151462554931641,"y":-2.3602232933044435,"z":5.37014102935791},"rotation":{"x":-0.05710357427597046,"y":-0.7793670892715454,"z":0.07173054665327072,"w":-0.6199234127998352},"size":19.293794631958009,"orthographic":false}