{"cameraMode":{"drawMode":0,"name":"Shaded","section":"Shading Mode"},"sceneLighting":false,"audioPlay":false,"sceneViewState":{"showFog":false,"showMaterialUpdate":false,"showSkybox":false,"showFlares":false,"showImageEffects":false,"showParticleSystems":false},"in2DMode":false,"pivot":{"x":4.409175395965576,"y":-10.935824394226075,"z":-0.4637637138366699},"rotation":{"x":-0.32312577962875368,"y":-0.6768718957901001,"z":0.4723955988883972,"w":-0.46303364634513857},"size":20.052762985229493,"orthographic":false}