{"cameraMode":{"drawMode":0,"name":"Shaded","section":"Shading Mode"},"sceneLighting":true,"audioPlay":false,"sceneViewState":{"showFog":false,"showMaterialUpdate":false,"showSkybox":false,"showFlares":false,"showImageEffects":false,"showParticleSystems":false},"in2DMode":false,"pivot":{"x":7.46022891998291,"y":-3.270122528076172,"z":-3.987964391708374},"rotation":{"x":-0.681782066822052,"y":0.011408778838813305,"z":-0.010634777136147023,"w":-0.7313889861106873},"size":29.876312255859376,"orthographic":false}