{"cameraMode":{"drawMode":0,"name":"Shaded","section":"Shading Mode"},"sceneLighting":true,"audioPlay":false,"sceneViewState":{"showFog":false,"showMaterialUpdate":false,"showSkybox":false,"showFlares":false,"showImageEffects":false,"showParticleSystems":false},"in2DMode":false,"pivot":{"x":1.0629985332489014,"y":-0.051319122314453128,"z":-0.6921381950378418},"rotation":{"x":-0.5605688691139221,"y":-0.18787580728530885,"z":0.1323811262845993,"w":-0.7955808043479919},"size":22.0,"orthographic":false}