{"cameraMode":{"drawMode":0,"name":"Shaded","section":"Shading Mode"},"sceneLighting":false,"audioPlay":false,"sceneViewState":{"showFog":false,"showMaterialUpdate":false,"showSkybox":false,"showFlares":false,"showImageEffects":false,"showParticleSystems":false},"in2DMode":false,"pivot":{"x":-0.8139382600784302,"y":-3.737100601196289,"z":0.18482406437397004},"rotation":{"x":-0.44500526785850527,"y":-0.5543406009674072,"z":0.5152360200881958,"w":-0.47888222336769106},"size":16.71637725830078,"orthographic":false}