{"cameraMode":{"drawMode":0,"name":"Shaded","section":"Shading Mode"},"sceneLighting":true,"audioPlay":false,"sceneViewState":{"showFog":false,"showMaterialUpdate":false,"showSkybox":false,"showFlares":false,"showImageEffects":false,"showParticleSystems":false},"in2DMode":false,"pivot":{"x":1.736334204673767,"y":4.452608108520508,"z":-0.6405327320098877},"rotation":{"x":0.6763672232627869,"y":0.004631882533431053,"z":-0.004290437791496515,"w":0.7365776300430298},"size":29.11731719970703,"orthographic":false}