{"cameraMode":{"drawMode":0,"name":"Shaded","section":"Shading Mode"},"sceneLighting":true,"audioPlay":false,"sceneViewState":{"showFog":false,"showMaterialUpdate":false,"showSkybox":false,"showFlares":false,"showImageEffects":false,"showParticleSystems":false},"in2DMode":false,"pivot":{"x":-10.721360206604004,"y":1.6507415771484376,"z":3.8370280265808107},"rotation":{"x":-0.7193105816841126,"y":0.0025001177564263345,"z":-0.0025866921059787275,"w":-0.6946882605552673},"size":34.72285461425781,"orthographic":false}