{"cameraMode":{"drawMode":0,"name":"Shaded","section":"Shading Mode"},"sceneLighting":false,"audioPlay":false,"sceneViewState":{"showFog":false,"showMaterialUpdate":false,"showSkybox":false,"showFlares":false,"showImageEffects":false,"showParticleSystems":false},"in2DMode":false,"pivot":{"x":0.843538761138916,"y":-0.6118488311767578,"z":-5.344486236572266},"rotation":{"x":0.46904149651527407,"y":-0.3439216613769531,"z":0.20491965115070344,"w":0.7872852087020874},"size":11.914932250976563,"orthographic":false}