{"cameraMode":{"drawMode":0,"name":"Shaded","section":"Shading Mode"},"sceneLighting":true,"audioPlay":false,"sceneViewState":{"showFog":false,"showMaterialUpdate":false,"showSkybox":false,"showFlares":false,"showImageEffects":false,"showParticleSystems":false},"in2DMode":false,"pivot":{"x":-0.03813236951828003,"y":4.2958984375,"z":-0.37801194190979006},"rotation":{"x":0.6518323421478272,"y":0.04223838821053505,"z":-0.03644293174147606,"w":0.7563552260398865},"size":27.913551330566408,"orthographic":false}