{"cameraMode":{"drawMode":0,"name":"Shaded","section":"Shading Mode"},"sceneLighting":true,"audioPlay":false,"sceneViewState":{"showFog":false,"showMaterialUpdate":false,"showSkybox":false,"showFlares":false,"showImageEffects":false,"showParticleSystems":false},"in2DMode":false,"pivot":{"x":3.402569532394409,"y":-3.3071212768554689,"z":-4.581447601318359},"rotation":{"x":-0.5549551844596863,"y":-0.0007507886621169746,"z":0.0005010284949094057,"w":-0.8318798542022705},"size":22.41265296936035,"orthographic":false}