{"cameraMode":{"drawMode":0,"name":"Shaded","section":"Shading Mode"},"sceneLighting":true,"audioPlay":false,"sceneViewState":{"showFog":false,"showMaterialUpdate":false,"showSkybox":false,"showFlares":false,"showImageEffects":false,"showParticleSystems":false},"in2DMode":false,"pivot":{"x":16.885366439819337,"y":-1.677455186843872,"z":0.9163302779197693},"rotation":{"x":-0.4240623116493225,"y":0.16339510679244996,"z":-0.07808342576026917,"w":-0.8873491287231445},"size":9.99404239654541,"orthographic":false}