{"cameraMode":{"drawMode":0,"name":"Shaded","section":"Shading Mode"},"sceneLighting":true,"audioPlay":false,"sceneViewState":{"showFog":false,"showMaterialUpdate":false,"showSkybox":false,"showFlares":false,"showImageEffects":false,"showParticleSystems":false},"in2DMode":false,"pivot":{"x":4.729100227355957,"y":15.866943359375,"z":-8.493568420410157},"rotation":{"x":0.36506199836730959,"y":0.02434184029698372,"z":-0.009490685537457466,"w":0.9306723475456238},"size":47.70891189575195,"orthographic":false}