{"cameraMode":{"drawMode":0,"name":"Shaded","section":"Shading Mode"},"sceneLighting":true,"audioPlay":false,"sceneViewState":{"showFog":false,"showMaterialUpdate":false,"showSkybox":false,"showFlares":false,"showImageEffects":false,"showParticleSystems":false},"in2DMode":false,"pivot":{"x":-0.35648444294929507,"y":4.028562545776367,"z":-3.4660255908966066},"rotation":{"x":0.6883785128593445,"y":0.01000343170017004,"z":-0.009525969624519349,"w":0.7252657413482666},"size":25.38279151916504,"orthographic":false}