{"cameraMode":{"drawMode":0,"name":"Shaded","section":"Shading Mode"},"sceneLighting":true,"audioPlay":false,"sceneViewState":{"showFog":true,"showMaterialUpdate":false,"showSkybox":true,"showFlares":true,"showImageEffects":true,"showParticleSystems":true},"in2DMode":false,"pivot":{"x":3.2186241149902345,"y":-1.628927230834961,"z":0.2571144104003906},"rotation":{"x":-0.10588822513818741,"y":0.8940319418907166,"z":-0.314050555229187,"w":-0.3014403283596039},"size":20.22369956970215,"orthographic":false}